mfcc_mean_0,mfcc_std_0,mfcc_max_0,mfcc_min_0,mfcc_mean_1,mfcc_std_1,mfcc_max_1,mfcc_min_1,mfcc_mean_2,mfcc_std_2,mfcc_max_2,mfcc_min_2,mfcc_mean_3,mfcc_std_3,mfcc_max_3,mfcc_min_3,mfcc_mean_4,mfcc_std_4,mfcc_max_4,mfcc_min_4,mfcc_mean_5,mfcc_std_5,mfcc_max_5,mfcc_min_5,mfcc_mean_6,mfcc_std_6,mfcc_max_6,mfcc_min_6,mfcc_mean_7,mfcc_std_7,mfcc_max_7,mfcc_min_7,mfcc_mean_8,mfcc_std_8,mfcc_max_8,mfcc_min_8,mfcc_mean_9,mfcc_std_9,mfcc_max_9,mfcc_min_9,mfcc_mean_10,mfcc_std_10,mfcc_max_10,mfcc_min_10,mfcc_mean_11,mfcc_std_11,mfcc_max_11,mfcc_min_11,mfcc_mean_12,mfcc_std_12,mfcc_max_12,mfcc_min_12,spectral_rolloff_mean,spectral_rolloff_std,spectral_centroid_mean,spectral_centroid_std,spectral_bandwidth_mean,spectral_bandwidth_std,rms_energy_mean,rms_energy_std,rms_energy_max,zcr_mean,zcr_std,chroma_mean_0,chroma_std_0,chroma_mean_1,chroma_std_1,chroma_mean_2,chroma_std_2,chroma_mean_3,chroma_std_3,chroma_mean_4,chroma_std_4,chroma_mean_5,chroma_std_5,chroma_mean_6,chroma_std_6,chroma_mean_7,chroma_std_7,chroma_mean_8,chroma_std_8,chroma_mean_9,chroma_std_9,chroma_mean_10,chroma_std_10,chroma_mean_11,chroma_std_11,duration,sample_rate,max_amplitude,mean_amplitude,audio_name,audio_path,augmentation
-354.71155,125.916405,-164.26454,-589.0434,86.00149,42.44353,153.05818,-19.784885,13.447668,37.6316,68.769165,-97.36224,38.012802,30.819115,136.5465,-3.2643995,-12.2685585,32.587177,31.200584,-94.26587,19.50326,14.779808,65.2195,-6.444153,-17.84677,14.083169,11.832918,-57.260406,1.3385385,12.715032,36.209717,-36.933296,-12.664818,18.514004,20.898975,-59.01429,15.486603,10.42183,38.75164,-3.2485185,-5.992101,10.003227,21.892302,-34.55526,2.651873,10.883927,31.590443,-30.863346,7.649259,8.099267,33.09091,-12.54094,10617.093373493975,2845.8439301764606,4568.498455305114,2025.3578381334933,4663.213616463567,862.7363812290956,0.054766484,0.054695107,0.22319724,0.1038097703313253,0.11556464751628785,0.37714353,0.31984034,0.4394896,0.41355392,0.36532545,0.32074386,0.32210228,0.26965147,0.33281502,0.28555202,0.33732325,0.25594556,0.40138346,0.2921303,0.4447008,0.31321207,0.4879627,0.315772,0.45213085,0.27820113,0.39702547,0.2917486,0.37035346,0.3054168,2.6453333333333333,48000,0.5634155,0.043544333,Pam_Confirm transaction,audio_files/Pam_Confirm transaction.wav,original
-383.71915,126.196014,-201.1685,-608.9252,74.93877,41.697887,141.46246,-35.7678,18.800146,31.312712,68.98581,-67.58864,26.641668,31.497232,129.37201,-21.80612,-12.25635,27.220737,27.136555,-84.56526,10.807431,15.378071,54.290848,-8.44926,-19.541044,15.447607,8.654804,-56.377033,1.2116108,10.267755,34.28801,-28.270441,-6.7472134,15.252032,24.088045,-44.81295,15.77643,13.89108,53.426727,-5.912166,-12.72425,13.813658,12.255354,-46.63749,11.988675,10.32799,40.608963,-17.587296,-3.1514122,9.787864,16.014338,-27.348904,12681.099397590362,2720.537043969228,5429.342227499684,2040.8286984591452,5429.442118863704,806.8288012413798,0.037079185,0.03803797,0.17803195,0.12004855358935743,0.12217629247490691,0.37449336,0.320843,0.3545238,0.30237034,0.4237701,0.39521655,0.37585267,0.36399436,0.26630998,0.24283098,0.26820692,0.26331115,0.26010448,0.22800872,0.3167485,0.25640023,0.4063675,0.33406425,0.4365712,0.34307814,0.457633,0.32326785,0.4178815,0.30139628,2.6453333333333333,48000,0.5230713,0.030442381,Pam_Confirm transaction,audio_files/Pam_Confirm transaction.wav,pitch_shift_up
-396.582,125.010574,-212.7758,-631.03436,91.131714,38.74386,156.52618,0.0,6.1696606,42.32342,61.295513,-117.3915,46.969604,32.052734,138.69797,-4.8762703,-14.383087,34.68306,33.608364,-94.74828,23.197256,13.466184,74.96414,-4.7446737,-13.111298,12.238613,11.065369,-43.0588,-1.5799236,12.388529,32.751694,-32.396393,-14.642733,16.525131,9.241996,-53.119236,2.3783042,9.664464,28.100643,-29.21859,4.202141,9.242133,38.306786,-19.194843,-11.587347,12.753587,14.700115,-43.15644,11.904846,9.807365,33.42356,-7.5555687,10051.769578313253,2236.7751580720055,4329.771680456871,1717.263523343313,4374.031640240524,748.1067796157635,0.03523236,0.036957216,0.15765215,0.10213314194277108,0.10248756440338196,0.34271812,0.27762014,0.33950254,0.28238735,0.34741202,0.30295178,0.36034587,0.2707153,0.4201494,0.33018947,0.46712655,0.3149027,0.5200304,0.327098,0.46812353,0.30437848,0.4067321,0.31512552,0.3785692,0.30670434,0.4015084,0.3459979,0.41386998,0.36668864,2.6453333333333333,48000,0.39855957,0.02826759,Pam_Confirm transaction,audio_files/Pam_Confirm transaction.wav,pitch_shift_down
-385.41556,123.019516,-208.29646,-602.771,80.27443,40.717484,144.47498,-19.363605,15.86067,37.55504,72.79077,-89.98977,37.671833,30.70804,137.39062,-7.6923695,-11.62602,31.766993,35.47836,-93.32878,18.850842,14.264764,66.453156,-4.227997,-16.379873,14.353891,9.11545,-54.856262,0.61057734,12.989452,28.027775,-42.755165,-11.77739,18.447903,18.808483,-55.135406,15.455461,10.176238,37.68787,-3.4260776,-4.855779,10.137153,17.343113,-37.609383,2.4795203,10.238,25.41976,-28.395214,7.779342,8.831042,37.885944,-17.6518,10986.073369565218,2487.517886713478,4697.917316721895,1929.8900728924657,4823.251741683815,758.7351178554999,0.038361326,0.039170627,0.16901673,0.09912993942481885,0.11416660860311585,0.394473,0.32756874,0.4195141,0.38759768,0.4106981,0.35456073,0.37325266,0.30226207,0.39437842,0.31716803,0.41321865,0.29660612,0.47044384,0.28495604,0.50282305,0.3009503,0.53523093,0.3109525,0.52795655,0.28416955,0.45440134,0.2714395,0.4182284,0.31886888,2.93925,48000,0.378479,0.031638913,Pam_Confirm transaction,audio_files/Pam_Confirm transaction.wav,time_stretch_slow
-385.83115,125.38718,-206.73343,-616.2256,83.64148,40.96698,144.15631,-14.457054,13.147765,37.249527,68.99367,-91.45467,36.940247,30.906498,132.00317,-5.301119,-13.028898,32.49295,31.072716,-97.455246,19.24509,14.418467,65.30376,-4.332005,-17.406273,13.615122,8.407942,-55.175354,1.1182411,12.159498,28.08245,-32.901413,-13.603697,18.771431,13.697133,-56.08024,14.443531,9.816371,38.733353,-5.8859253,-6.6103663,10.83368,19.284729,-36.591515,2.429445,10.186737,26.453384,-32.09798,7.856907,8.1685705,35.529644,-13.70536,11013.758296460177,2500.9568857899076,4708.114618330713,1904.087675143092,4828.083772197766,743.5095827373021,0.03747263,0.036090765,0.15362225,0.10091217851216815,0.11169876074960333,0.37628838,0.34185266,0.44340435,0.40774846,0.3079104,0.2608068,0.26685253,0.22686924,0.2931555,0.25928366,0.328068,0.24004248,0.4217074,0.318865,0.4642239,0.32790837,0.48751393,0.32066572,0.43354964,0.26857528,0.3771619,0.30826247,0.32957673,0.28007984,2.4048541666666665,48000,0.37268066,0.030969674,Pam_Confirm transaction,audio_files/Pam_Confirm transaction.wav,time_stretch_fast
-293.12387,83.2634,-142.8536,-448.8123,47.673664,41.55637,128.61865,-38.314766,19.700829,31.531662,68.48605,-73.53995,26.38869,25.624744,114.50369,-11.206043,-4.1494155,22.689753,31.237572,-63.91346,8.963657,10.842806,50.53466,-16.466412,-7.2815714,11.835065,13.144114,-42.607834,-3.0801487,11.674524,24.862867,-38.014645,-7.907895,13.686371,25.999985,-49.40197,7.6321797,7.749427,28.947329,-10.124741,-2.5256543,8.703291,20.65021,-25.643064,2.6192884,8.857507,25.285599,-24.670233,5.708048,6.3761415,22.209734,-14.547613,15589.702560240963,3840.8819669981717,7865.152252420219,2920.047484608091,6335.333298830907,1165.6774623278789,0.05538518,0.054162174,0.22325976,0.21990501066767068,0.16076787813915208,0.41274816,0.34060833,0.44112256,0.40204245,0.38874876,0.3244133,0.3741692,0.3015314,0.38689592,0.31296226,0.4070397,0.29734713,0.47523808,0.30878866,0.50754374,0.3079034,0.5546443,0.3086557,0.51107824,0.27706018,0.45362023,0.30134252,0.43446618,0.33077726,2.6453333333333333,48000,0.5621948,0.044038203,Pam_Confirm transaction,audio_files/Pam_Confirm transaction.wav,noise_low
-230.42216,50.706444,-122.88617,-328.5725,27.255772,36.4885,104.71424,-48.762733,14.9850445,25.443491,60.079872,-58.073524,16.795547,19.971663,89.7232,-11.141045,-1.0449151,15.015291,30.03777,-39.853664,3.4277797,8.914954,39.30059,-19.734112,-3.7605667,9.654696,15.268463,-33.13624,-3.8815858,10.621521,23.173988,-32.11313,-4.3353415,11.350279,20.090797,-37.115353,3.4604619,6.2107224,23.93743,-16.191925,-1.602404,6.8858256,17.733038,-21.464016,1.934588,6.902395,17.196878,-17.959684,3.043637,6.064364,23.035572,-10.682867,17425.26355421687,2882.2802643915065,9194.217386877506,2492.9727360467873,6789.315018081064,856.6145537075271,0.058179878,0.051952854,0.22299695,0.28099115210843373,0.1847857792407827,0.4306713,0.34752214,0.43534338,0.3866079,0.4282729,0.35283417,0.43779126,0.33431977,0.44938633,0.33519116,0.47560877,0.314424,0.54129875,0.30639064,0.5777951,0.30132514,0.61404425,0.2862903,0.56618714,0.26356575,0.5170397,0.31168213,0.48742363,0.3412112,2.6453333333333333,48000,0.5709839,0.0463898,Pam_Confirm transaction,audio_files/Pam_Confirm transaction.wav,noise_high
-387.0544,125.24119,-208.5372,-615.00757,82.31997,40.628998,150.45071,-20.774506,14.243812,37.045513,69.158356,-90.89781,37.828007,30.917133,131.50398,-7.7226734,-13.578191,31.954603,25.374008,-91.50165,17.408585,13.687617,63.294792,-3.0470197,-19.896616,14.7727995,8.08322,-50.955673,-0.8401109,13.565683,34.116905,-38.825024,-13.645099,18.590734,11.763044,-52.74153,15.216688,10.393358,36.98005,-4.087944,-6.084669,10.643942,19.800106,-34.34836,2.401398,9.709066,24.101818,-30.152859,7.2520337,8.1988735,33.554703,-12.170352,11333.658854166666,2192.631953488036,4832.556710430895,1838.9784177483853,4874.514037543744,744.2847172710232,0.035418004,0.03656568,0.16603051,0.10878273292824074,0.10989553825989504,0.3674576,0.32666785,0.43726158,0.42064855,0.31375596,0.27951294,0.30129513,0.26290175,0.31463847,0.26499784,0.34392834,0.27242494,0.40571535,0.31011066,0.4437021,0.3314061,0.45923278,0.311968,0.41739655,0.28466362,0.36356303,0.2983546,0.32846758,0.2997805,2.300291666666667,48000,0.40963745,0.02849175,Pam_Confirm transaction,audio_files/Pam_Confirm transaction.wav,speed_up
-393.67264,127.353714,-210.99753,-638.1093,84.36844,39.648502,151.443,-16.452198,10.395024,36.49372,61.239777,-92.166664,38.485474,32.091114,136.84216,-7.573041,-14.850275,33.546978,29.089464,-95.816246,19.524204,13.797917,64.93551,-3.1963887,-20.556896,14.626265,8.740733,-57.425327,1.0593196,13.39972,34.128487,-43.73407,-14.057593,18.485699,16.809088,-57.501205,15.464513,11.71301,43.244312,-6.6707835,-6.9853406,10.241337,18.260017,-33.49784,2.511437,11.007238,24.711956,-32.857574,7.766533,9.130346,38.20134,-14.048251,11304.018621575342,2317.394303632101,4908.192632855688,1855.5278235211476,4869.360393556999,742.9019704467187,0.034197107,0.033880074,0.14200462,0.11427620665667808,0.11367853810957869,0.36777252,0.31592295,0.4042598,0.39749333,0.36698848,0.34239042,0.3318893,0.29706436,0.31113234,0.2719668,0.32234454,0.25486422,0.40210536,0.30080026,0.45208243,0.31335014,0.5010473,0.3065137,0.49889934,0.29668197,0.4388142,0.31499925,0.40086353,0.33599284,3.1121666666666665,48000,0.39523315,0.0276532,Pam_Confirm transaction,audio_files/Pam_Confirm transaction.wav,speed_down
-389.99692,119.69458,-123.11029,-588.3055,75.665085,49.429638,191.6601,-35.180626,27.108732,26.68182,87.194626,-34.04999,43.014038,38.915592,154.25348,-15.691635,-16.228668,28.606966,27.96436,-69.3121,21.763199,18.053377,62.433212,-25.161774,-14.527638,16.349781,14.895361,-58.37242,-2.3399956,16.421576,30.31258,-52.930817,0.264749,12.568462,24.484434,-55.492226,8.014969,10.844685,36.394314,-12.383503,-7.8870125,13.008592,19.025185,-43.372543,6.231994,10.475847,36.13725,-22.817974,-1.2305621,8.013286,17.254189,-23.120369,10391.34504608295,2851.469935916865,4870.941157619372,2084.126531391278,4523.497573436812,913.4255440102917,0.05054095,0.06672966,0.28349724,0.11052482358870967,0.10733827865658749,0.541078,0.38265058,0.54386383,0.4211597,0.39294553,0.3098009,0.371854,0.30263707,0.34687355,0.29122058,0.30125165,0.26427442,0.29169244,0.25652036,0.35245284,0.26166585,0.461901,0.2840264,0.47614798,0.24238525,0.49036238,0.3192318,0.45822343,0.32105023,2.304,48000,0.6702881,0.04010462,Pam_Yes approve ,audio_files/Pam_Yes approve .wav,original
-420.507,121.25871,-158.7283,-619.32263,69.56021,49.29409,185.70647,-43.014145,33.708416,26.33894,98.77925,-28.599037,32.521492,36.261646,124.8513,-24.741955,-15.914926,25.838558,25.37899,-65.89486,18.146574,19.719675,68.38932,-19.395996,-18.55671,19.090511,12.998394,-75.35767,2.561231,12.657276,34.753098,-32.334637,1.8102963,13.848797,30.384556,-40.64095,4.588411,14.247124,48.320034,-33.09005,-7.0275908,14.191743,21.462124,-46.276947,10.428344,8.607499,30.385166,-10.600754,-5.8677015,11.060942,15.571943,-29.028187,11972.782258064517,2997.4022181414284,5703.474674886467,2200.075140450231,5187.290361170573,834.7150070067183,0.033443857,0.044518966,0.19566429,0.13610671082949308,0.11476870814942752,0.49657574,0.320586,0.47703892,0.33052835,0.53385097,0.37788203,0.53169316,0.4086669,0.3796567,0.31135958,0.3565691,0.30317143,0.33621848,0.2833897,0.28607583,0.26449484,0.26035714,0.22759382,0.3167604,0.25926626,0.44738552,0.29507008,0.46380073,0.24151099,2.304,48000,0.46658325,0.026901571,Pam_Yes approve ,audio_files/Pam_Yes approve .wav,pitch_shift_up
-426.53262,114.99544,-189.0237,-615.2119,77.81246,47.991516,190.65735,-25.416508,21.6504,30.815556,85.24636,-53.954643,51.87245,40.83776,164.28726,-3.3996494,-15.534367,29.472786,25.487637,-72.35675,20.770563,14.426462,50.150955,-23.334846,-6.887401,14.2697935,26.817953,-36.960487,-6.967964,17.911224,27.385178,-60.019623,-1.3434,11.422828,23.05257,-39.080112,7.067323,7.156332,27.230913,-9.945286,-0.5396757,10.135033,26.76098,-27.78571,-1.64392,11.3473425,20.567673,-40.1723,7.5086064,7.8844633,28.399359,-10.109997,9666.294642857143,2447.741810325432,4528.02891135146,1788.6791517777758,4257.332953898734,783.5044886026565,0.033427272,0.047411095,0.20716612,0.10653306811635944,0.09360462402730643,0.43474188,0.31418076,0.39631775,0.3012715,0.3988849,0.30617607,0.37193716,0.2946274,0.35309723,0.29246354,0.3942212,0.2760834,0.5151075,0.29152006,0.5280913,0.24466963,0.5393789,0.3148796,0.5230514,0.33202624,0.54563314,0.3548249,0.56305426,0.40136543,2.304,48000,0.63845825,0.026983924,Pam_Yes approve ,audio_files/Pam_Yes approve .wav,pitch_shift_down
-425.09607,118.688774,-180.9375,-627.81415,75.66887,48.95033,185.49283,-35.92191,27.45422,27.905611,91.98001,-45.43809,44.206806,38.820328,150.3685,-10.243561,-17.575033,28.199583,28.01184,-69.002716,21.657064,18.028082,62.150517,-23.092974,-15.678433,16.543015,15.940113,-58.896606,-2.7510784,15.783506,28.24147,-50.545486,-0.9000179,13.367791,25.712633,-57.623077,8.130692,10.657744,37.718918,-12.14953,-8.024423,12.364277,18.65028,-40.27775,6.175152,11.149605,33.002018,-27.80313,-1.1848319,8.239464,15.571205,-29.193956,10609.21291493776,2716.142295672459,5002.169353571308,2084.792795449343,4643.835699987068,824.9004862873525,0.03597038,0.046865482,0.17553237,0.1185794054719917,0.10646944883168163,0.49928135,0.3538429,0.56774133,0.42708173,0.40997922,0.33483914,0.34470525,0.2954082,0.34026143,0.2897234,0.29610845,0.2638221,0.26238465,0.23673911,0.289896,0.259513,0.41109276,0.29194868,0.45411903,0.24683876,0.49328026,0.3307226,0.47216445,0.3356437,2.56,48000,0.5288391,0.029204464,Pam_Yes approve ,audio_files/Pam_Yes approve .wav,time_stretch_slow
-425.2666,121.35433,-179.96994,-635.82007,77.33058,49.494823,187.64937,-35.410393,26.553383,26.375937,86.278,-33.092083,44.541912,39.508846,149.23062,-14.481018,-18.133549,28.556822,28.03332,-71.1332,22.849386,18.352001,66.42184,-17.542387,-16.083694,17.198711,13.769211,-64.38483,-2.3080342,17.587019,35.500122,-53.703156,-0.96433175,13.176214,19.345549,-55.10349,8.550509,11.442915,36.67661,-15.152216,-8.230066,12.861073,21.17413,-43.85756,6.540714,10.665066,35.571278,-19.933044,-1.3580425,7.283433,13.4561615,-22.23057,10771.018401015228,2652.5159742615688,5067.094934225563,2043.290773115094,4702.69480674301,809.4668311080608,0.03418388,0.04269355,0.17646334,0.11887293781725888,0.10811818934415258,0.5887958,0.4198622,0.46487388,0.36053655,0.37565625,0.29200655,0.36254144,0.2823598,0.3235743,0.27408752,0.28923666,0.23618527,0.29999286,0.26549253,0.40075982,0.2644215,0.4756726,0.2687435,0.46367732,0.2729823,0.47748306,0.33982608,0.48502636,0.33373013,2.0945416666666667,48000,0.5543518,0.027383074,Pam_Yes approve ,audio_files/Pam_Yes approve .wav,time_stretch_fast
-317.5226,76.72434,-106.937706,-442.35654,38.960037,44.90984,168.1947,-51.863716,27.75098,23.533323,94.40961,-11.93503,28.977936,29.925486,127.54826,-24.11487,-7.2151947,18.884491,28.257607,-54.577698,10.877521,13.950638,49.087486,-21.431204,-4.769797,13.7617035,25.063862,-47.699806,-3.9506936,15.864922,22.473598,-55.08521,2.0447848,10.141572,23.34927,-42.59632,3.831942,9.144754,29.837309,-16.041018,-4.081545,11.5091715,22.084774,-35.494263,3.8830016,9.7785015,33.877968,-21.848217,-1.273717,7.9071126,17.866138,-25.045784,16030.061923963134,4220.936106258766,8509.473125577435,2949.653442967665,6323.278699432716,1215.2441165482358,0.05134863,0.066178754,0.28348303,0.25623514904953915,0.1594927724787199,0.5973193,0.4102865,0.53574705,0.4035191,0.4387142,0.32924488,0.4439167,0.33173588,0.42640674,0.33272675,0.3924471,0.3167248,0.39361176,0.31240106,0.452488,0.27067646,0.5520829,0.26018703,0.56432015,0.2554183,0.55520284,0.32062966,0.5299738,0.33901635,2.304,48000,0.66815186,0.040765867,Pam_Yes approve ,audio_files/Pam_Yes approve .wav,noise_low
-244.75504,48.711445,-88.00536,-328.6588,21.639977,37.964157,148.478,-44.577347,19.127245,19.976255,83.37547,-6.0341663,17.624157,21.005854,91.59056,-30.078838,-3.4381526,13.900047,19.454048,-46.68223,5.202934,11.608045,43.624763,-22.227365,-1.258354,12.036487,24.942823,-40.08366,-4.1668353,13.229563,20.847916,-46.50763,1.6389861,9.559732,27.152708,-30.623346,1.3496158,7.803833,21.759043,-19.124107,-2.747252,9.417183,14.895017,-30.67709,2.1343322,9.338394,32.64344,-23.61905,-0.85154617,6.5888567,12.917199,-16.283485,17901.173675115206,3094.2747791938373,9698.868504727843,2611.560884942516,6719.31303797721,825.3321743066238,0.05480207,0.06402314,0.28361267,0.32378222206221197,0.17867219074491908,0.5688866,0.37028196,0.5573276,0.39007246,0.5092781,0.3732052,0.5054937,0.34839362,0.52088636,0.35315332,0.50103533,0.35714447,0.4898289,0.34838602,0.5004265,0.3216095,0.6142033,0.28906873,0.645487,0.22479583,0.6342004,0.30059934,0.58976614,0.32959238,2.304,48000,0.67245483,0.043611605,Pam_Yes approve ,audio_files/Pam_Yes approve .wav,noise_high
-422.18616,118.05989,-183.11946,-616.8553,72.98783,49.43483,184.28683,-38.508884,27.837496,25.764664,90.87242,-28.615452,43.039143,39.854298,147.43425,-15.233794,-17.563267,27.449715,24.79274,-69.39597,20.9492,18.407417,63.542835,-25.79121,-14.357447,15.668896,14.7354355,-55.214287,-2.6408613,16.068724,26.841354,-51.32304,-0.74710166,13.228959,22.041142,-54.870316,7.1739993,11.855179,37.611496,-14.354955,-9.222571,13.846424,17.602661,-43.203754,5.1155877,10.902425,30.802128,-26.325285,-2.437644,7.952781,11.625238,-23.381704,10811.41954787234,2745.660270187077,5121.706252845888,2003.8460655401584,4701.720857436811,828.133533205924,0.034968723,0.04500282,0.17151363,0.1292257106050532,0.10312776572047393,0.5159382,0.3607293,0.560669,0.41734216,0.39953297,0.32279682,0.337765,0.30493954,0.33116865,0.29216126,0.30461583,0.29217815,0.27591604,0.24655576,0.3098466,0.2672032,0.4329046,0.29514825,0.47067362,0.2472368,0.49358267,0.3007996,0.4749236,0.32537532,2.0034791666666667,48000,0.51556396,0.028063308,Pam_Yes approve ,audio_files/Pam_Yes approve .wav,speed_up
-419.9224,114.69854,-171.89275,-601.7463,70.989586,49.41185,182.36041,-39.206024,29.712051,27.017467,98.7951,-29.661732,42.362663,38.553455,147.65979,-15.220221,-15.136456,27.56306,29.454405,-68.80313,20.881996,17.817326,59.78069,-24.419804,-12.667138,16.92758,16.170048,-66.16165,-2.0215943,16.722874,30.418215,-54.130875,1.0362642,12.789597,21.044527,-54.792355,7.7556295,10.655592,36.522007,-13.908739,-7.003961,12.816567,19.776222,-43.017586,6.3395042,10.894655,33.384987,-24.171608,-1.1337627,8.354095,16.588686,-24.393871,10526.10294117647,2778.6433776563617,4966.924577375105,2095.045286975216,4646.699449656522,823.9599508844234,0.036787808,0.048108708,0.18054794,0.1146618412990196,0.11012091680059687,0.57271165,0.4141054,0.45077935,0.3641581,0.39452717,0.32661867,0.40273213,0.32396692,0.35581398,0.2922828,0.28838286,0.23624264,0.30130032,0.26062864,0.41112313,0.28130004,0.48667574,0.26870516,0.5028056,0.29606935,0.50085586,0.34079355,0.5142593,0.35259604,2.710583333333333,48000,0.4392395,0.030363891,Pam_Yes approve ,audio_files/Pam_Yes approve .wav,speed_down
-534.6559,85.4227,-347.58752,-736.18823,116.131256,44.276325,228.9702,2.004809,10.549726,24.880234,75.08391,-45.02141,29.696905,25.560843,101.762344,-12.00585,6.423662,25.391062,54.904022,-62.785545,16.02449,12.670896,64.48367,-7.993232,-2.4046156,16.514648,17.530169,-59.751556,0.2568699,9.123623,20.412455,-33.43335,1.8264061,8.98103,16.63335,-20.445423,5.625827,11.874296,28.266928,-26.019955,0.13735995,11.845761,26.719444,-27.927694,1.1380727,9.0234,16.662222,-23.642239,0.014209665,8.52309,15.349708,-23.962587,6023.059475806452,3265.3348150786846,3110.9405958970415,1925.2863184823495,3605.2625839176753,833.0300749339834,0.008089381,0.011679182,0.046748534,0.06618836105510753,0.07734686402932038,0.600745,0.3088816,0.60363555,0.34966215,0.5871429,0.3626354,0.5391298,0.35468793,0.5114899,0.33094844,0.5135704,0.30682597,0.5088382,0.317073,0.4559674,0.24025038,0.54894406,0.25321025,0.596248,0.24700835,0.59891343,0.250659,0.6035539,0.287747,1.9826666666666666,48000,0.10534668,0.006232778,Recording 1-Rele,audio_files/Recording 1-Rele.m4a,original
-569.8638,87.73479,-378.36072,-796.5233,117.22648,44.80196,218.89273,-6.383952,6.7453365,22.172365,63.34244,-37.83499,29.995632,21.872587,89.232925,-18.060371,1.681004,24.341188,36.43662,-61.573597,14.296628,16.066298,71.93557,-26.200676,-8.29772,18.990238,15.671907,-64.68146,3.1680121,7.6320877,21.500822,-25.582972,1.5333649,10.347619,21.49495,-21.560444,4.796193,12.67195,29.731083,-25.104923,-2.8907037,11.071252,19.475262,-32.20788,3.4967766,10.767585,27.131992,-27.573956,-3.0066888,10.765499,14.492208,-39.921303,7088.331653225807,3709.825169856498,3642.8692051721964,2175.5373944187936,4110.751137206214,915.6586375946113,0.0046962714,0.006153876,0.021603126,0.08043777301747312,0.09494784718310598,0.5665202,0.26433688,0.57377595,0.30669475,0.5934533,0.32933527,0.584045,0.33952615,0.56798166,0.37052658,0.49908468,0.33733737,0.4933623,0.32262322,0.48616812,0.28764063,0.46063814,0.29522517,0.41811645,0.23552556,0.52984965,0.26696843,0.5942746,0.28574103,1.9826666666666666,48000,0.048797607,0.0037296033,Recording 1-Rele,audio_files/Recording 1-Rele.m4a,pitch_shift_up
-571.85364,81.99365,-388.01785,-762.1922,117.21075,40.997353,221.01367,2.602846,11.595246,28.148193,81.681496,-51.32682,31.29786,28.963158,116.68363,-11.67998,8.020912,24.863417,56.149246,-59.877167,17.489048,11.957327,53.706062,-5.914248,2.724868,13.448589,25.144146,-40.04624,-1.9561594,11.920191,18.609112,-31.450193,0.69207525,8.274604,15.551783,-27.704342,3.7424061,8.896582,19.199993,-19.563345,2.8316438,10.8624935,28.874722,-25.403389,-0.9629054,10.270948,23.783237,-31.732306,2.4287727,7.6517816,19.100176,-21.242563,5525.705645161291,3157.9164805346973,2863.5782054248516,1770.9040884208343,3483.9202137201846,882.0241326127637,0.006028479,0.00911079,0.035899848,0.058013587869623656,0.07268611726730008,0.5718556,0.34850067,0.5515162,0.3795564,0.52035964,0.3468705,0.51761776,0.3296244,0.5057417,0.32310987,0.48547786,0.2683261,0.58054775,0.26718432,0.6290389,0.25536913,0.6007835,0.24785212,0.582739,0.273076,0.56033427,0.29862145,0.53877455,0.3099357,1.9826666666666666,48000,0.081329346,0.004863369,Recording 1-Rele,audio_files/Recording 1-Rele.m4a,pitch_shift_down
-564.2007,81.884735,-385.44012,-742.7171,109.08198,43.702923,215.48639,3.9323652,15.183837,25.720613,82.980804,-45.46957,27.123213,25.504019,94.0608,-17.717224,6.543487,24.709843,55.766083,-61.224197,14.865827,12.287994,63.57843,-4.0177674,-3.2562277,16.617722,19.65894,-59.996376,-0.9906917,10.851779,16.408287,-43.995205,1.9125171,9.126171,18.13138,-22.9718,5.109758,11.772755,27.025053,-23.410133,-0.21264,12.243746,27.132423,-29.674807,1.3575383,9.4659815,17.753025,-24.58453,0.87519836,8.443603,19.104069,-24.148643,6103.034420289855,3335.6552949743514,3214.875643481981,1954.5122095858183,3774.1226790687465,853.4507811960362,0.005439381,0.008069278,0.03883412,0.07152022946859904,0.08905346818477142,0.61003417,0.30778277,0.59760404,0.3475764,0.5753552,0.3547156,0.52496123,0.3484389,0.4978278,0.33116502,0.49668777,0.30620432,0.4799528,0.31565243,0.40951112,0.2510444,0.49869886,0.2638887,0.58501846,0.25842577,0.5812554,0.26278383,0.5774486,0.28826198,2.202958333333333,48000,0.07562256,0.004467299,Recording 1-Rele,audio_files/Recording 1-Rele.m4a,time_stretch_slow
-567.9002,83.83866,-383.76532,-761.2013,113.45326,43.204514,217.82185,4.3307924,13.189526,23.979445,74.68952,-40.74355,30.434847,26.801641,102.14739,-11.859665,7.02732,24.477734,49.48282,-61.844055,15.816351,13.523046,62.750473,-7.3528337,-3.484991,15.232694,17.356974,-46.44233,0.20966488,9.988233,19.881384,-35.92855,2.565302,8.842194,20.333397,-25.051735,6.172532,11.246085,27.60561,-23.904074,0.035636045,12.500343,27.295237,-28.4811,0.58788395,9.743817,16.933668,-24.872637,-0.25856555,8.9869795,15.362927,-23.866882,6261.97300295858,3373.7124420822893,3238.9223305722207,1947.1524104138737,3809.6792247197386,892.5540657397687,0.0055781477,0.007992412,0.03483446,0.06358635355029586,0.07545150660246956,0.55518174,0.30101648,0.56171376,0.34375003,0.5516432,0.34395295,0.5089674,0.33878812,0.48900032,0.3355993,0.5248844,0.32287237,0.54843,0.34666348,0.484261,0.2547287,0.5628465,0.25022656,0.5957979,0.25528175,0.5978059,0.2608842,0.5607382,0.28859073,1.8024166666666666,48000,0.07824707,0.004499692,Recording 1-Rele,audio_files/Recording 1-Rele.m4a,time_stretch_fast
-375.10248,31.43435,-277.94556,-447.86353,24.846367,30.432962,126.4169,-28.409006,18.211065,16.686935,67.13809,-8.700911,15.669142,13.556749,61.202797,-18.163448,6.7797084,11.54449,38.676266,-32.227673,5.868762,7.4594765,33.448227,-16.624313,2.4180632,9.469393,18.711443,-28.256119,-0.2336895,9.866544,19.754784,-31.246174,1.7546985,6.387553,15.647878,-18.306568,1.8399284,7.2148256,14.311639,-23.14179,0.24372946,8.249191,13.975818,-27.26825,0.27229375,7.7635684,14.177334,-21.738968,-0.23643969,7.079089,12.066748,-20.981258,18980.720766129034,2072.7531061615946,10113.52738099543,2254.5275996280798,7085.682481516974,510.7039314689995,0.009492615,0.010975526,0.046758857,0.34859606014784944,0.15217971045952342,0.643421,0.31236112,0.6308284,0.33633995,0.6269771,0.35001442,0.5958464,0.34602365,0.5978471,0.34387442,0.6153799,0.32615164,0.6045769,0.3170911,0.5749679,0.25728592,0.6640563,0.23397796,0.70235974,0.22582941,0.7103068,0.24474384,0.68255293,0.28558487,1.9826666666666666,48000,0.10812378,0.007411023,Recording 1-Rele,audio_files/Recording 1-Rele.m4a,noise_low
-277.65768,17.040375,-217.34892,-315.1637,7.826964,19.627792,75.07024,-20.378105,9.815256,12.558391,46.292297,-5.3894405,8.020944,9.146338,31.275131,-10.239475,3.7562938,7.8950505,26.207798,-25.57098,2.4167662,5.437852,14.883972,-16.619148,1.2456744,6.3248625,11.679121,-21.975674,-0.36444378,7.1323204,12.254259,-21.384521,0.07602528,5.4512124,11.148336,-16.72445,0.0527548,5.8974495,11.429382,-20.417362,-1.2979233,5.8718433,13.497811,-21.848042,-1.298837,5.978965,12.853078,-18.569748,-0.92382884,5.8678284,10.174285,-17.53048,20067.792338709678,554.3782045192088,11292.13123753852,1103.7134477630195,7117.176590250709,394.41353616669414,0.014789036,0.009058825,0.0480405,0.41660103746639787,0.12908585759802738,0.65250397,0.29766262,0.64716786,0.31626725,0.656892,0.33110356,0.63346493,0.3292349,0.6408179,0.31937134,0.6763292,0.31970152,0.64923626,0.30291712,0.632401,0.23815237,0.70162666,0.20203571,0.7389284,0.21315189,0.7183095,0.22767928,0.6837476,0.27699408,1.9826666666666666,48000,0.12423706,0.011753127,Recording 1-Rele,audio_files/Recording 1-Rele.m4a,noise_high
-573.1139,86.059235,-391.20795,-788.67883,119.82964,43.56744,223.23466,8.986765,7.334622,24.000408,65.0383,-45.860275,32.049225,26.073997,105.30036,-7.021714,3.448687,25.851326,44.36877,-64.717575,16.778309,13.043017,63.54576,-2.6010814,-3.1961915,17.893658,17.834473,-62.292923,0.015586759,9.506516,20.042381,-30.423367,0.37369213,8.63765,16.467329,-23.280983,6.2675,11.830863,28.264227,-22.3694,0.21597704,12.263456,25.230331,-28.33133,0.40088266,8.777309,14.764954,-23.048763,-0.8397522,8.549407,12.804844,-26.763412,6250.0,3430.2005832992722,3265.682803171799,1996.802096849887,3799.293651983254,877.4339916206744,0.0052801515,0.007161246,0.025701718,0.06781382619598765,0.0826360241797237,0.57994115,0.3087836,0.5925137,0.3469727,0.5859159,0.35677534,0.51957613,0.34160605,0.48621967,0.30331945,0.4924922,0.29160735,0.4910026,0.29118255,0.4703362,0.22611482,0.5651835,0.22347443,0.62720895,0.22907443,0.6323149,0.23433588,0.61192447,0.29405048,1.7240625,48000,0.059906006,0.0042090835,Recording 1-Rele,audio_files/Recording 1-Rele.m4a,speed_up
-564.435,81.35533,-384.151,-738.8705,106.67848,43.012836,212.49097,0.38517112,15.782927,24.921255,78.49109,-38.89121,27.452206,25.916468,98.85086,-18.542309,7.331397,24.384958,53.378902,-65.7832,15.531448,12.414053,68.69886,-8.5225,-2.1684258,15.389433,17.485296,-56.72657,-0.42017508,9.790058,17.096983,-40.75355,1.8859032,8.770939,20.45948,-18.319359,5.255088,11.95426,27.897852,-24.105623,0.2285775,11.975898,26.500477,-30.663496,0.8590109,9.2645035,17.812225,-24.169891,-0.4238161,9.460885,18.48692,-26.060003,6180.971746575343,3296.5952672834746,3246.754935412808,1956.167034677193,3791.385842942272,858.2689281145501,0.0055643436,0.008410082,0.038949065,0.07164133847031963,0.08852371748545594,0.5772296,0.31874293,0.5735713,0.33708525,0.57382435,0.35851163,0.5229379,0.36926645,0.5069166,0.35511774,0.4957348,0.3091673,0.47918686,0.31232998,0.4117523,0.27596828,0.46260488,0.2645266,0.5648189,0.26969498,0.5917643,0.28061846,0.5568801,0.27901492,2.3325416666666667,48000,0.07019043,0.0045651915,Recording 1-Rele,audio_files/Recording 1-Rele.m4a,speed_down
-540.03613,97.65851,-301.79074,-752.20667,130.23769,38.112003,225.60703,7.4917374,4.9058557,32.234974,53.949768,-120.44027,26.50325,22.106346,115.93596,-44.46884,14.819039,21.470325,56.54133,-70.683754,15.509069,11.987415,51.30819,-37.60028,0.66370016,15.855915,31.661655,-48.103474,8.0276,9.851527,37.43297,-24.414452,-0.29776525,13.256915,21.034966,-39.29963,5.462977,8.529342,28.88657,-20.228727,8.151199,7.197115,27.21429,-21.102816,3.2232735,8.208423,30.239992,-24.274778,2.2140472,6.891413,22.51024,-24.015987,4637.490047770701,2352.687123928848,2314.657876826562,1026.6527350893627,3418.791729680815,760.236078682081,0.009734852,0.011830185,0.037185863,0.032775490147292995,0.03669603361920795,0.5628209,0.32140136,0.6217266,0.39616624,0.6486226,0.41421258,0.63727343,0.38396528,0.62539476,0.34601396,0.5830403,0.32087064,0.53200966,0.28497875,0.51983505,0.23004131,0.5960651,0.23032665,0.6534549,0.23171556,0.60822624,0.20283988,0.5547041,0.22125833,3.348,48000,0.095825195,0.00781583,Recording 2-rele,audio_files/Recording 2-rele.m4a,original
-566.943,99.78696,-342.77548,-760.56946,119.20025,38.32968,215.1644,0.09801316,6.715278,28.021517,42.63172,-96.129684,23.729784,23.201715,106.54242,-40.618744,14.4045725,21.045149,56.738884,-64.31103,11.1651745,11.675555,54.502228,-31.719799,-0.39905873,17.135696,35.87881,-42.83414,5.9053893,9.430323,32.87775,-30.230232,-1.4819791,12.473452,24.446005,-46.0035,9.445253,7.4972534,29.955914,-14.471724,4.26389,7.4728146,22.33423,-23.851463,1.2033111,9.769271,31.891663,-31.021252,-0.50526226,8.143387,19.585854,-31.356506,5705.762340764331,2742.630714662353,2762.669258314112,1138.5309848935374,3950.9570950514544,859.8656826679054,0.0065542324,0.00827787,0.031300724,0.03933463126990446,0.041977497690901235,0.6728206,0.24027666,0.58273196,0.28647494,0.55606186,0.3556535,0.5546356,0.36604092,0.56657326,0.37709785,0.5752501,0.369132,0.5725367,0.36320582,0.53893036,0.34297082,0.47560823,0.28882045,0.4737018,0.22546127,0.59841126,0.25317642,0.6724178,0.22160177,3.348,48000,0.060180664,0.005425259,Recording 2-rele,audio_files/Recording 2-rele.m4a,pitch_shift_up
-576.9984,94.40037,-349.7336,-768.63947,127.43004,36.221485,218.90823,7.658516,7.9141192,35.594925,56.92917,-138.16745,24.68756,23.22454,126.30753,-36.06363,15.1903515,19.754457,54.518074,-52.951927,16.64731,12.93672,55.479973,-29.375633,3.0286322,12.725429,30.06348,-36.22287,6.543132,10.127096,39.24051,-21.422169,1.6385545,12.095802,19.8956,-40.36236,0.084514834,12.005311,21.561262,-37.75258,8.436831,6.5307612,28.720833,-9.906566,4.791673,8.456107,24.701574,-20.763996,4.60412,8.8002405,35.26963,-19.12788,4447.228304140127,2262.5634839983472,2215.8201620306622,929.8985170157521,3403.1660182944374,840.0517594442773,0.006589868,0.008339456,0.030172309,0.029897118829617833,0.034070722285466815,0.58068544,0.35646874,0.6355096,0.3827759,0.6513402,0.36408457,0.6069795,0.32675526,0.5648468,0.292558,0.59106326,0.23712726,0.6679767,0.24060316,0.6918344,0.22912,0.62125814,0.22724417,0.54225576,0.2315413,0.5069782,0.28110576,0.5211679,0.3221838,3.348,48000,0.06427002,0.0054248497,Recording 2-rele,audio_files/Recording 2-rele.m4a,pitch_shift_down
-569.93085,96.010216,-342.91833,-755.42224,120.928276,38.362103,215.19565,9.106838,8.789513,32.198875,57.9061,-119.17714,23.567198,22.413181,108.32979,-43.12177,15.76543,22.202768,62.439163,-62.846962,14.523404,12.0300045,44.22944,-36.763283,0.8569308,15.658235,34.379063,-39.81238,7.330511,11.097418,33.28398,-29.470753,-0.33163846,13.921771,21.424253,-40.90235,4.913603,8.864213,29.943459,-21.473618,7.5100756,7.590619,27.638489,-19.197273,2.7853012,8.482081,34.15052,-25.603355,1.3375169,6.6653895,21.290382,-20.567589,4951.020773638968,2436.805835132682,2454.3228966966085,1040.0270473595408,3647.839854281264,848.7930126195696,0.006500867,0.008132959,0.034693375,0.034122324946275075,0.03933316160593544,0.5550958,0.35558203,0.61687034,0.40690705,0.62176627,0.3958893,0.5996016,0.36441112,0.5782998,0.34866136,0.52600294,0.31579214,0.49691126,0.2797878,0.5301446,0.21474425,0.63858646,0.2562298,0.6348936,0.2158704,0.56193596,0.21156618,0.5291843,0.2687615,3.72,48000,0.07354736,0.005361839,Recording 2-rele,audio_files/Recording 2-rele.m4a,time_stretch_slow
-569.7026,96.76309,-344.28336,-760.7095,123.95867,37.606483,216.5777,9.418375,9.513826,31.879156,53.850212,-116.91322,24.777584,22.853792,110.48366,-40.808907,15.158516,22.00481,62.11508,-62.366135,14.16003,11.94152,44.722153,-39.82182,0.57297075,15.316043,37.545006,-43.254326,7.3048644,10.678341,39.993713,-25.201536,-1.028999,13.5215845,19.302292,-40.6027,4.5212073,8.250086,26.363483,-17.455015,8.054098,7.643733,26.879467,-18.591557,3.8016725,8.374249,32.14476,-23.782482,1.9141897,6.7011037,22.64622,-23.542664,4886.145104895105,2432.650446836258,2420.850736548176,1018.7972981134025,3630.41742040703,854.9293493043174,0.007116819,0.008926162,0.032025974,0.033460923841783216,0.03706830209773616,0.56449914,0.3579172,0.6141856,0.4084121,0.64071983,0.3867776,0.63167804,0.35362622,0.5895924,0.344226,0.52838445,0.30764297,0.49861023,0.26703945,0.5263464,0.20191997,0.6453219,0.25234807,0.6510195,0.21808688,0.6159829,0.22644472,0.5631107,0.2792745,3.043645833333333,48000,0.067840576,0.005841856,Recording 2-rele,audio_files/Recording 2-rele.m4a,time_stretch_fast
-370.76395,38.482754,-256.87134,-455.80917,28.94046,34.164513,127.54151,-14.525167,16.178425,22.914959,57.615555,-73.90027,14.89864,12.0631485,60.659065,-19.993546,10.498912,11.032418,39.9693,-29.522661,6.725456,9.276045,27.31533,-33.708965,4.4628563,8.264253,28.304993,-23.30365,2.7403622,9.195627,22.943869,-32.700485,2.3128088,8.678326,18.793018,-26.579258,3.5025432,6.3700643,20.584852,-19.943867,4.34059,5.343006,19.455433,-16.102077,4.23329,5.7282124,26.19053,-11.124815,2.782126,4.906832,13.901394,-13.816391,18757.165605095543,2316.397159851459,9745.242749721427,2435.22775729276,7164.213936027643,463.68148573701285,0.010958172,0.011115509,0.037321445,0.30318067028264334,0.1635074608505297,0.60269463,0.3583057,0.6106052,0.38664955,0.6159108,0.37605464,0.6264543,0.35558876,0.63895,0.34842864,0.62285054,0.3283876,0.60568655,0.2964605,0.6205478,0.21775255,0.72373974,0.20512046,0.7302576,0.17792422,0.66423494,0.21938698,0.60597444,0.2846171,3.348,48000,0.09732056,0.008811359,Recording 2-rele,audio_files/Recording 2-rele.m4a,noise_low
-273.6725,19.591286,-209.95853,-327.59793,10.776618,20.674128,82.00841,-14.052131,9.386638,15.935194,44.476486,-47.40085,9.070768,8.449168,33.02734,-7.77602,6.241712,7.9453726,33.56752,-18.081955,2.9775128,6.710359,16.51632,-24.766891,1.5425967,6.3616223,15.415983,-19.150806,0.45430624,6.8068175,15.449971,-24.033802,0.16522372,6.1093936,16.42009,-24.269045,0.6403283,5.1121664,14.862013,-15.660301,1.5523856,4.924967,13.310273,-14.179691,2.3764563,4.7936144,16.787481,-8.886402,1.3907295,4.673984,15.716668,-10.929038,19978.60270700637,658.0449572445738,11080.782166404317,1189.3824083553313,7184.535020480927,346.90737160458133,0.015945181,0.008958467,0.03839843,0.3855820188097134,0.14627012931925226,0.59318197,0.33475402,0.5969767,0.34911427,0.61441386,0.33832034,0.62703526,0.31610015,0.6403754,0.32072154,0.65415627,0.31851244,0.6389054,0.27938816,0.6743411,0.19574608,0.77880263,0.18280976,0.7468586,0.17054576,0.6814735,0.22299205,0.6126954,0.29019636,3.348,48000,0.115234375,0.012834054,Recording 2-rele,audio_files/Recording 2-rele.m4a,noise_high
-570.8964,98.42534,-347.14178,-769.0551,126.337,38.252964,219.50931,10.465182,7.77444,31.403662,58.51889,-116.35869,26.014027,22.692831,116.70209,-37.40224,15.517601,22.023893,59.03474,-58.986603,15.379078,12.015092,50.576706,-35.955738,1.8430903,16.190788,38.129913,-41.061005,8.578958,10.559949,33.851807,-26.55053,0.5059613,13.513571,22.564516,-40.722126,6.4695425,8.423473,29.273678,-22.21448,8.747637,7.7617545,27.289772,-18.381508,3.8018558,8.215683,34.988228,-25.356281,2.0902584,6.508092,21.566994,-19.130371,4737.208104395604,2358.2215531637876,2341.6820716803068,995.4836903705783,3583.930549262047,845.7931277121785,0.0077183964,0.009589484,0.031263087,0.03133048592032967,0.03519753171362555,0.5515381,0.34175864,0.60229576,0.4086516,0.6258541,0.413432,0.61853504,0.38718566,0.59756535,0.35271996,0.5507814,0.30869493,0.5042547,0.26860708,0.5093299,0.2153684,0.6218026,0.26138893,0.64512265,0.23082717,0.58997923,0.22425039,0.5457447,0.24568437,2.9113125,48000,0.088775635,0.006449297,Recording 2-rele,audio_files/Recording 2-rele.m4a,speed_up
-578.97595,98.66525,-344.74338,-793.1281,129.84074,35.660034,215.18478,17.63824,2.0329738,31.688723,43.357544,-126.352264,28.104979,22.60198,117.537186,-37.763397,13.00068,22.11573,58.532753,-72.069244,15.671561,12.300276,49.84764,-37.191475,-0.4430037,16.945896,34.37659,-46.501297,8.38321,10.381007,38.356033,-24.550854,-0.82126397,14.404971,21.47862,-44.501064,5.587074,8.827656,28.272335,-23.761019,8.158183,8.471862,29.235474,-29.017172,3.301065,7.915136,29.211555,-28.164488,2.5240703,7.2291346,25.848698,-19.682217,5030.574324324324,2384.6679899217593,2505.600736868028,1017.5518309593713,3703.763405073164,805.9623323143047,0.0053476514,0.0063595264,0.022919247,0.035500686233108106,0.03901335136170534,0.55695325,0.32286862,0.6230488,0.38892692,0.64851123,0.3915956,0.652122,0.36003542,0.6287983,0.3388206,0.56180865,0.3164759,0.4891016,0.2682538,0.47780803,0.23210566,0.54605216,0.2641882,0.60394305,0.26356158,0.5586958,0.22749357,0.51772153,0.23593344,3.938833333333333,48000,0.08074951,0.004441282,Recording 2-rele,audio_files/Recording 2-rele.m4a,speed_down
-328.87784,110.23254,-124.12156,-536.23,91.45122,58.40216,216.35779,-2.8776047,11.160386,42.11066,83.28897,-75.13547,41.8725,31.09699,113.785385,-14.960066,0.72070116,28.812168,61.127968,-57.65947,32.21155,17.912437,74.68641,-3.8568397,-7.6189914,15.812772,17.810127,-39.240707,-4.327247,15.141261,21.955856,-45.728382,-4.8609586,12.831222,16.524908,-41.486317,4.611133,7.5532184,26.616337,-10.409018,2.6753626,8.925138,28.828281,-14.084148,-12.07854,8.711034,6.933794,-35.380966,-4.0007377,11.660623,23.275536,-38.144924,7622.412420382166,4147.909575476617,3780.4104934502698,2216.5259248498614,3742.5933393046134,1094.3797264462269,0.07922024,0.09151568,0.3737522,0.09333325039808917,0.09865397742747614,0.43998802,0.32295159,0.51262915,0.31586105,0.563237,0.33357486,0.45794383,0.31825122,0.4148993,0.35247505,0.3874839,0.3285846,0.36936846,0.29069963,0.36810175,0.31225312,0.37983394,0.33125564,0.3357522,0.28548366,0.33741763,0.29927656,0.3904137,0.29879674,1.664,48000,0.94747925,0.06374876,dennis_approve,audio_files/dennis_approve.wav,original
-356.46906,105.838104,-150.52255,-553.65814,82.86249,58.036194,203.36047,-23.022896,16.079943,35.57983,77.903145,-54.40609,36.141426,33.75326,114.601974,-30.593082,3.0293326,26.31495,52.586792,-51.8295,25.730598,15.9538,71.62402,-3.1667738,-15.655123,20.304205,16.908607,-63.9442,-2.1396878,15.464348,35.50671,-38.84533,-4.291524,10.785228,23.342838,-35.68354,7.1849613,10.862497,32.07916,-13.798396,-9.137246,9.994957,8.032976,-40.790005,-9.893332,11.318021,8.718968,-42.232903,-1.94847,8.868203,18.769987,-25.898306,8925.806130573248,4625.406193178083,4476.239947782517,2458.462875280883,4376.18017991928,1099.287988173019,0.051766597,0.0641688,0.30557144,0.11234200835987261,0.11554922892335269,0.34312487,0.31447324,0.3717727,0.3037193,0.39361763,0.30306342,0.4378215,0.29438806,0.55012023,0.3297681,0.4972213,0.30636644,0.41959822,0.3270768,0.40921497,0.34660032,0.39365098,0.3195044,0.37916103,0.28743827,0.38937515,0.35714987,0.34936395,0.29358202,1.664,48000,0.65509033,0.042410247,dennis_approve,audio_files/dennis_approve.wav,pitch_shift_up
-368.4083,105.7831,-175.63896,-577.9531,97.36872,56.787567,216.87158,0.0,6.5380564,45.74704,84.771645,-90.11595,48.03043,27.634647,112.27929,0.0,-0.779859,30.850555,67.09,-58.28353,33.460457,19.820553,68.71505,-7.654791,4.679009,12.129685,32.5475,-21.057495,-5.9467206,15.27073,16.992012,-41.589844,-2.6475265,12.186266,17.404598,-35.2417,-2.5830534,7.749068,12.3385515,-22.180077,10.887947,9.728173,31.636864,-6.3028555,-8.586852,8.423647,11.557392,-28.164707,-4.325729,9.47937,14.91602,-39.561893,7061.853105095542,3966.0294408162545,3520.483461362331,2078.6902067490664,3494.334002920539,1060.3501590050903,0.05809181,0.0677939,0.28246802,0.08889828821656051,0.09287059570435122,0.630377,0.29523942,0.5192975,0.2945353,0.4471145,0.315107,0.43998712,0.32903838,0.43309698,0.30808067,0.3954026,0.29753146,0.40389556,0.33329433,0.3682445,0.29218718,0.3673741,0.28945845,0.41276702,0.2708528,0.48471615,0.32334197,0.52169406,0.25777262,1.664,48000,0.641449,0.047722094,dennis_approve,audio_files/dennis_approve.wav,pitch_shift_down
-359.1764,103.4816,-161.04271,-555.5994,89.13919,56.980007,203.08542,-13.837105,13.533013,41.20068,88.480896,-72.00174,41.133602,31.474884,113.974014,-22.42352,0.61638665,29.710842,61.31951,-62.943687,30.606188,18.210768,76.70882,-4.3492928,-6.577963,15.892972,21.427391,-42.822052,-4.425325,15.111961,20.965603,-48.491188,-4.6122212,12.244855,19.037468,-38.60971,3.7222228,7.5216618,23.6065,-13.860712,1.5891173,9.662422,28.779247,-14.090916,-12.876381,8.431284,5.7191443,-37.118828,-3.9710448,11.169233,17.847355,-40.86582,7912.176724137931,4256.00698984318,3944.0955621160815,2282.894359442237,3883.834122400203,1078.1751114064052,0.05640486,0.06680845,0.31107494,0.10285055226293104,0.10647805643041404,0.43500155,0.31651402,0.47905007,0.2924813,0.58164513,0.30587262,0.52341485,0.30727968,0.44035757,0.33722517,0.42437583,0.33745524,0.41354707,0.30738333,0.39703834,0.28806096,0.4083396,0.33628774,0.37618172,0.30929992,0.3468964,0.3048917,0.36482522,0.26790205,1.8488958333333334,48000,0.7694092,0.046394035,dennis_approve,audio_files/dennis_approve.wav,time_stretch_slow
-359.2722,106.94727,-159.16736,-571.6361,93.11789,57.89633,209.7154,-3.525011,11.350619,41.589733,82.88958,-71.98495,42.916397,29.81178,113.03851,-10.555983,0.6247696,28.326511,54.06076,-56.02691,33.22666,18.044191,74.776566,-5.4209037,-6.6731973,15.5743065,24.545494,-36.041634,-3.3988004,14.461108,22.704777,-45.563465,-4.7303424,13.505845,20.637459,-42.12117,6.1439705,7.221861,24.366417,-9.647837,3.6183,9.031202,26.574894,-13.363269,-12.28669,10.072623,5.0857143,-39.07248,-3.957596,11.15467,17.006924,-38.300312,7762.103873239436,4300.913352934238,3852.823549631173,2247.9797419480315,3871.553763240143,1084.233706593276,0.05890158,0.06553512,0.25141358,0.09626705545774648,0.09979368027268815,0.46635744,0.29542598,0.5114907,0.2724472,0.578381,0.2932189,0.53887564,0.31913322,0.48894292,0.3369972,0.4466543,0.33129677,0.44016045,0.3212907,0.4058744,0.29915696,0.40040404,0.33174923,0.39241067,0.32416442,0.39427292,0.35061282,0.39773056,0.27700585,1.5127291666666667,48000,0.80960083,0.048003428,dennis_approve,audio_files/dennis_approve.wav,time_stretch_fast
-282.51404,81.77497,-107.8165,-452.63266,64.04818,53.85731,188.1589,-21.441177,16.691462,35.367462,84.872375,-58.41163,32.10994,25.537848,87.03421,-25.129704,8.120173,24.689795,62.31426,-46.75742,21.292982,16.011028,62.115265,-9.12812,-1.8201444,12.011703,21.282288,-28.709316,-6.002493,15.162796,16.104757,-47.42231,-3.2001908,10.663076,15.378151,-35.297234,3.3294315,6.3505526,18.894093,-10.280502,2.2162964,8.598953,24.405525,-15.251169,-9.768049,8.008407,6.0960245,-30.168795,-5.7116055,10.821701,14.625416,-38.426746,12584.295382165605,5943.289507885575,6535.700058413708,3273.501256807166,5834.475287183837,1401.861060340821,0.079646625,0.091197476,0.37382933,0.1661431379378981,0.14808039583372437,0.47402012,0.31542367,0.55127925,0.29996145,0.594475,0.31040087,0.48234004,0.30287942,0.45071694,0.3451262,0.42263478,0.3255249,0.39890033,0.29224706,0.39198264,0.3166851,0.40625796,0.3373565,0.37007543,0.30487528,0.3649832,0.29660857,0.42724356,0.30075222,1.664,48000,0.9561157,0.06414462,dennis_approve,audio_files/dennis_approve.wav,noise_low
-222.02438,54.399105,-89.6768,-328.40445,40.595818,44.76472,153.22278,-29.699726,16.599678,28.29343,78.61952,-42.749283,23.132141,20.279385,63.783333,-28.509085,10.364803,20.315104,53.638664,-40.223328,12.388858,13.084718,45.488777,-18.304508,0.82710516,9.014373,16.791698,-20.774906,-5.734235,13.729182,14.484904,-45.38882,-2.329381,8.751285,12.954747,-31.98002,2.1298685,5.3179116,17.237612,-13.418667,1.1954722,7.106263,20.924726,-13.626499,-6.6973825,7.921538,7.3099566,-27.510883,-5.1373568,10.124248,11.7487335,-35.506546,16112.012340764331,4266.720201954832,8224.031632235146,3062.1265883886736,6657.350271021906,858.5078845456485,0.08191643,0.0896899,0.3738463,0.22588761445063693,0.1750776614501437,0.48777407,0.3098227,0.52832115,0.28421193,0.63467085,0.29173926,0.59250706,0.30105138,0.50404614,0.3250525,0.47692046,0.3324106,0.4706094,0.3279985,0.43274853,0.28881177,0.42005953,0.32660657,0.41787696,0.3142335,0.4170042,0.3291017,0.42703122,0.2971649,1.664,48000,0.96173096,0.06601459,dennis_approve,audio_files/dennis_approve.wav,noise_high
-367.10712,111.81727,-170.62509,-612.5317,98.31398,58.104057,215.22473,-2.674069,6.515679,41.877213,77.957214,-80.23509,46.168297,31.6702,115.026474,-10.714573,-3.4933798,29.04889,52.942215,-58.08623,36.43107,17.26755,77.78,0.0,-9.886128,15.946952,17.486448,-43.627357,-1.8659699,15.100396,34.360374,-38.57831,-6.5427594,13.045329,13.114048,-42.99893,5.773288,8.128836,25.732075,-9.768852,2.5939493,10.178577,28.308193,-17.734478,-13.007177,8.523169,4.3940105,-34.978313,-4.395799,11.606629,15.882154,-34.849976,7807.789522058823,4288.978506160908,3930.322997902227,2241.4297746748034,3893.173405562661,1061.7224314743964,0.051273584,0.054749947,0.19698551,0.1003274356617647,0.10348810033084367,0.4284116,0.31421855,0.48745212,0.3017132,0.57301253,0.32879686,0.5027564,0.30505365,0.4435905,0.3233233,0.4290056,0.3329689,0.39861476,0.27971333,0.38637546,0.27478898,0.4266162,0.35043243,0.3792832,0.30474898,0.33700022,0.2971343,0.35198593,0.2609392,1.4469583333333333,48000,0.5165405,0.0415035,dennis_approve,audio_files/dennis_approve.wav,speed_up
-367.39194,110.12827,-166.87805,-591.95135,93.52212,57.856018,219.86227,-7.309368,8.537953,41.203106,76.15672,-76.62804,43.606678,31.814072,119.393974,-13.414015,-1.555747,29.902006,59.713696,-61.804623,34.95521,18.4748,82.36342,-0.49505794,-8.4468355,15.764618,19.320507,-37.29972,-2.742575,15.496557,27.13881,-45.702377,-4.4301248,13.5857315,18.766834,-39.213074,6.2969055,8.16873,27.524017,-13.30815,4.0177884,8.949468,25.686705,-12.039881,-11.59949,9.40089,6.1971607,-39.544655,-3.5476465,12.452886,19.375576,-38.959305,7989.385190217391,4196.765837792679,3962.5180690235816,2195.8128724129037,3925.8518535698095,1061.6487846862885,0.052111533,0.061197426,0.23053615,0.09754479449728261,0.10040591988060932,0.44388834,0.3106841,0.5088814,0.28822008,0.61158776,0.3069457,0.5145288,0.28481016,0.43060437,0.3196812,0.40702128,0.32111123,0.41979542,0.31075987,0.39904872,0.30021197,0.4056675,0.33661613,0.38227063,0.3078893,0.35863805,0.30981597,0.38507417,0.28100356,1.9576458333333333,48000,0.6488037,0.04249869,dennis_approve,audio_files/dennis_approve.wav,speed_down
-403.8954,127.0836,-197.10504,-622.0045,103.25417,55.82743,240.11801,0.0,13.172697,30.19482,54.81766,-107.961136,29.818815,19.869585,112.6867,-26.680998,-12.255331,25.013348,28.389572,-99.598335,29.813417,16.784407,79.0898,-4.4983025,0.43496504,13.259947,27.594196,-46.657494,13.705046,9.914343,43.496727,-16.466068,5.782315,8.892813,29.63429,-26.488663,-1.9258932,14.365049,28.543476,-52.57814,1.0404239,8.765564,38.484554,-25.46672,-2.6057768,7.5127025,17.879665,-22.047514,1.4775581,11.119629,22.871346,-30.605011,8680.787852112677,4366.660873145591,3987.5656572093535,2079.4145500540108,4208.792467128769,1176.3803311971017,0.04371311,0.056192294,0.20222604,0.07605037778755869,0.06517516209468023,0.5774762,0.26661295,0.7102277,0.29077607,0.74007976,0.2687495,0.73378074,0.28170094,0.67623836,0.29740328,0.58876264,0.3028428,0.550215,0.34984362,0.505763,0.31947085,0.5146729,0.30687836,0.50001556,0.28701088,0.4879647,0.28787196,0.5006313,0.27092916,2.2613333333333334,48000,0.5670166,0.03379044,dennis_confirm,audio_files/dennis_confirm.wav,original
-430.1843,131.25468,-224.584,-645.5221,98.420555,52.0255,226.69882,0.0,17.692299,25.876398,48.63626,-87.50412,23.361124,19.879774,103.48959,-23.386272,-7.591651,24.667871,34.973503,-84.48361,28.791153,16.733862,70.99487,-6.150915,-2.5074515,15.59344,28.351501,-46.481155,15.654258,9.542393,46.669567,-9.893824,-3.0267515,11.723879,19.77911,-34.83317,-0.20333765,14.921491,36.064415,-42.155083,-1.7768422,7.948776,18.448399,-27.655457,-0.45392329,10.536407,22.21914,-33.757786,-0.1863869,11.384415,26.675022,-33.645874,9827.794894366198,4828.605256063099,4498.64434818089,2280.1394402295377,4782.229421785748,1243.1399958560742,0.031674955,0.04048789,0.1443178,0.08776912778755869,0.08144086427140035,0.48261806,0.31086737,0.50723374,0.3170123,0.5950673,0.2946248,0.7197835,0.28481424,0.72161996,0.2877858,0.6627697,0.29671517,0.56927913,0.29607505,0.48639375,0.29049367,0.4688674,0.33086747,0.45261845,0.30259243,0.49010822,0.31171045,0.47950268,0.30850798,2.2613333333333334,48000,0.37475586,0.02566307,dennis_confirm,audio_files/dennis_confirm.wav,pitch_shift_up
-441.9699,125.34506,-242.50957,-667.1876,109.160416,56.544422,242.90715,0.0,8.631213,31.480644,48.49901,-111.45939,38.39593,20.803606,112.13274,0.0,-16.914417,25.123035,23.713223,-90.605965,25.838425,15.068276,70.40818,-5.3854494,4.6991043,12.456968,26.79204,-46.420013,8.028166,10.319978,26.649918,-25.75316,13.318139,9.42922,40.520294,-5.814657,-2.2363122,11.934543,15.594658,-40.842407,5.1567874,11.638829,40.985535,-25.580444,-3.8435771,8.111443,16.53111,-24.791462,2.6751385,8.504685,20.373459,-16.403694,7948.06338028169,3932.0678707177735,3640.72323603906,1902.885949288964,3893.6972002947555,1074.6967055578455,0.028862523,0.036952183,0.13653508,0.07826483641431925,0.07081977029497986,0.68021387,0.2576911,0.7039614,0.28654656,0.6397631,0.27541348,0.60133785,0.30112508,0.5747586,0.33273587,0.54607916,0.33057553,0.568206,0.33462727,0.5336051,0.30378821,0.5200466,0.293399,0.5191554,0.28662997,0.55531776,0.27304828,0.63153017,0.25782454,2.2613333333333334,48000,0.38320923,0.023184953,dennis_confirm,audio_files/dennis_confirm.wav,pitch_shift_down
-436.77545,127.907875,-230.88757,-657.7319,102.1562,54.50938,236.21942,0.0,11.935639,29.495234,48.800606,-106.98868,29.895016,19.013638,103.778625,-10.746835,-13.719884,26.083723,28.491299,-94.221535,29.824656,17.179665,78.09299,-7.4286623,-0.15857664,13.9992,31.430756,-43.800774,13.1028185,9.684415,44.278374,-17.022522,4.457521,8.625916,27.98051,-29.810497,-2.0071433,14.408906,28.912699,-46.12224,1.3795505,9.208947,38.21656,-23.285343,-2.9721432,8.544112,13.587057,-26.638527,1.2593697,11.080515,21.169785,-35.176544,9108.746027542373,4225.796988215815,4188.941328348824,2038.0008271230251,4365.316024697014,1129.0859924201295,0.026750997,0.035406757,0.1390002,0.08471472788665255,0.0740486598194221,0.56382376,0.269456,0.67309296,0.2904181,0.7227228,0.27188945,0.72481465,0.28240937,0.66346425,0.30458567,0.58768505,0.29831824,0.55497956,0.33586985,0.5275145,0.31303954,0.55885404,0.28744322,0.54395807,0.27740955,0.5133243,0.2746698,0.5157202,0.2758206,2.512583333333333,48000,0.36636353,0.021359459,dennis_confirm,audio_files/dennis_confirm.wav,time_stretch_slow
-432.0251,127.34784,-229.73662,-636.1898,100.75731,53.923733,225.09872,0.0,15.989362,28.231373,51.36728,-90.945435,29.175453,20.067966,112.93923,-11.1092415,-11.019507,25.367386,31.082808,-85.68671,28.538626,16.763012,72.7764,-3.1540577,2.1973705,13.016039,29.29758,-42.40271,13.7203455,10.049019,44.23188,-16.345592,6.269524,9.539363,31.093834,-21.567421,-1.6699053,13.215603,28.679749,-43.062553,2.3026502,9.092836,36.656017,-18.24656,-2.548195,7.423586,15.611552,-22.763111,0.9926123,9.624934,22.339052,-28.187208,8888.155764248704,4477.170591635185,4133.256919538784,2124.4743915692698,4325.867532242248,1152.8209877675558,0.031159379,0.03924071,0.13167399,0.08822963892487047,0.0759704689324343,0.57381654,0.26143298,0.7003793,0.28990757,0.72827834,0.26990858,0.7129838,0.27606186,0.65017074,0.2848144,0.55871415,0.28976348,0.5191738,0.34208477,0.50203145,0.33607316,0.5198339,0.3321848,0.48084804,0.2871182,0.48172894,0.29024032,0.49512118,0.2760984,2.05575,48000,0.33285522,0.024958365,dennis_confirm,audio_files/dennis_confirm.wav,time_stretch_fast
-319.69373,82.35966,-165.41446,-444.85388,56.377182,55.11655,186.32495,-5.8806553,18.997677,24.836187,71.522125,-78.80221,15.653759,15.464748,81.587845,-28.883812,1.6566654,19.166088,51.57745,-74.57756,14.829722,14.044566,56.530342,-20.793327,7.3095,9.84201,40.5001,-31.463593,7.730156,7.568814,29.420418,-14.439686,5.7645717,7.0873723,25.328295,-15.664207,-1.4709904,12.182666,19.08183,-47.692924,0.6094571,8.519295,31.508692,-25.432924,-1.0138807,7.406353,15.4073,-19.755348,-0.24709882,9.744287,17.84844,-26.940613,14964.238556338029,6169.817647990345,7900.478807511317,3662.6410568997208,6425.5641222812665,1144.9841052431739,0.04450855,0.0556331,0.2023447,0.22592521273474178,0.16700788221127674,0.6026183,0.26112053,0.7288148,0.2782397,0.75636286,0.25747892,0.75278467,0.26970437,0.702605,0.29168537,0.6240876,0.30369952,0.57387024,0.3357437,0.5387186,0.3124269,0.5538276,0.30313164,0.5531466,0.29654175,0.52610165,0.29572797,0.5281567,0.27230582,2.2613333333333334,48000,0.5691223,0.034456808,dennis_confirm,audio_files/dennis_confirm.wav,noise_low
-243.37479,50.821415,-134.01584,-326.77396,34.171135,45.05463,145.67583,-12.789482,16.238138,22.114857,68.72305,-53.381767,10.1874485,12.718513,61.566734,-19.94048,3.9454925,13.859206,40.538696,-52.363277,7.8980746,11.707107,43.767204,-31.974033,5.8232217,8.080162,27.704388,-32.323547,4.973542,6.112208,22.06392,-13.664649,2.9293468,6.016644,17.196995,-16.938656,-1.022421,8.869558,16.898134,-36.90381,-0.6244813,7.440557,17.388153,-23.640882,-0.8557678,7.594282,18.228489,-20.981258,-0.88846755,8.2627945,15.670672,-27.78394,17892.93573943662,3354.128209632397,9348.413342465627,2997.935886073997,6974.415207785257,450.42445665894724,0.048093107,0.053386353,0.20208152,0.30309428183685444,0.18727538119992987,0.6025755,0.2634818,0.71006316,0.26489058,0.7421094,0.24440113,0.73886615,0.2512626,0.7022279,0.27516776,0.64732194,0.29400605,0.6149869,0.33805832,0.57182586,0.32226074,0.5771641,0.30294305,0.59813094,0.31309623,0.5736411,0.31406236,0.5686751,0.3031448,2.2613333333333334,48000,0.5705261,0.037474748,dennis_confirm,audio_files/dennis_confirm.wav,noise_high
-435.13196,128.33276,-232.17168,-651.76447,102.98666,53.44031,229.95128,0.0,14.537456,28.843752,48.122902,-95.91287,31.391018,19.336481,106.47281,-11.578161,-12.160173,25.506063,31.484394,-86.169876,29.162596,18.104692,79.76993,-7.737871,0.76037097,13.238473,28.952614,-45.12671,14.045825,9.686355,42.864372,-18.27573,5.9736857,9.491647,30.932564,-24.80041,-1.2960092,13.751838,26.285397,-41.729767,2.167108,9.066422,39.801205,-19.101177,-2.3285499,7.8338137,14.345932,-22.420868,1.8700832,10.236835,18.294777,-28.183989,8886.613175675675,4335.315012544003,4049.4981376816518,2033.5260247447081,4337.107271809275,1142.9524783832057,0.030972246,0.038938947,0.13638385,0.07742293074324325,0.06728914136291163,0.58724904,0.26607367,0.70916206,0.2865029,0.72953,0.27836332,0.7213996,0.2824366,0.6745595,0.2825708,0.5929442,0.28900456,0.5563278,0.3407009,0.5078782,0.30924422,0.54086447,0.32154676,0.5002891,0.2935581,0.47208738,0.28897735,0.4865579,0.2590828,1.966375,48000,0.42556763,0.024855396,dennis_confirm,audio_files/dennis_confirm.wav,speed_up
-434.25943,126.79161,-228.68279,-638.41046,100.68005,54.184345,227.25443,0.0,15.527835,29.710382,49.895134,-103.555695,28.816118,20.58676,114.70468,-23.812653,-10.698182,26.843142,33.287453,-92.94184,28.240332,16.092495,71.872,-5.5846066,1.0438708,13.202157,37.442867,-44.638042,12.645776,10.057692,47.169918,-15.831751,5.774828,9.114942,27.279078,-27.739628,-1.6895365,14.47612,27.488226,-40.970993,1.798861,10.250587,44.806313,-31.273706,-2.682657,8.203875,16.621342,-25.816212,2.0873272,10.522274,25.78093,-33.79087,8723.0625,4490.931178236452,4007.952119396874,2097.8915770807903,4295.271211440209,1176.298872766802,0.032621846,0.04132277,0.14843085,0.080841796875,0.08062553154821903,0.5437291,0.25491947,0.6869806,0.292364,0.7314265,0.27366558,0.74202985,0.26877052,0.6869438,0.28539005,0.601016,0.28738075,0.5594,0.33968845,0.5245948,0.33417955,0.5210147,0.31866547,0.5000439,0.30379355,0.4733683,0.28448066,0.48206547,0.2731748,2.6603958333333333,48000,0.4145813,0.026462952,dennis_confirm,audio_files/dennis_confirm.wav,speed_down
